Workbook

Sheet STUDENTDETAILS
A1: ROLL NO | B1: STUDENT NAME | C1: COURSE | D1: TOTAL FEES | E1: ERROR/CORRECT | F1: PAID FEES
A2: 10001 | B2: SANJAI | C2: TALLY | D2: =IFERROR(VLOOKUP(C2,COURSEFEES!A:B,2,FALSE),"NOT FOUND") -> 30000 | E2: =IFERROR(D2,"NOT FOUND") -> 30000 | F2: =SUMIF(BILL!C:C,A2,BILL!F:F) -> 1000
A3: 10002 | B3: RAMYA | C3: JAVA | D3: =IFERROR(VLOOKUP(C3,COURSEFEES!A:B,2,FALSE),"NOT FOUND") -> 10000 | E3: =IFERROR(D3,"NOT FOUND") -> 10000 | F3: =SUMIF(BILL!C:C,A3,BILL!F:F) -> 5000
A4: 10003 | B4: SANGAVI | C4: C++ | D4: =IFERROR(VLOOKUP(C4,COURSEFEES!A:B,2,FALSE),"NOT FOUND") -> 15000 | E4: =IFERROR(D4,"NOT FOUND") -> 15000 | F4: =SUMIF(BILL!C:C,A4,BILL!F:F) -> 3000
A5: 10004 | B5: BHUVI | C5: DATA ANALYST | D5: =IFERROR(VLOOKUP(C5,COURSEFEES!A:B,2,FALSE),"NOT FOUND") -> 12000 | E5: =IFERROR(D5,"NOT FOUND") -> 12000 | F5: =SUMIF(BILL!C:C,A5,BILL!F:F) -> 6500
A6: 10005 | B6: DHARANI | C6: POWERBI | D6: =IFERROR(VLOOKUP(C6,COURSEFEES!A:B,2,FALSE),"NOT FOUND") -> 17000 | E6: =IFERROR(D6,"NOT FOUND") -> 17000 | F6: =SUMIF(BILL!C:C,A6,BILL!F:F) -> 7000
A7: 10006 | B7: JEGATHISH | C7: PHP | D7: =IFERROR(VLOOKUP(C7,COURSEFEES!A:B,2,FALSE),"NOT FOUND") -> 11500 | E7: =IFERROR(D7,"NOT FOUND") -> 11500 | F7: =SUMIF(BILL!C:C,A7,BILL!F:F) -> 1500
A8: 10007 | B8: RAHUL | C8: MYSQL | D8: =IFERROR(VLOOKUP(C8,COURSEFEES!A:B,2,FALSE),"NOT FOUND") -> 18000 | E8: =IFERROR(D8,"NOT FOUND") -> 18000 | F8: =SUMIF(BILL!C:C,A8,BILL!F:F) -> 3500
A9: 10008 | B9: GAYATHRI | C9: PYTHON | D9: =IFERROR(VLOOKUP(C9,COURSEFEES!A:B,2,FALSE),"NOT FOUND") -> 25000 | E9: =IFERROR(D9,"NOT FOUND") -> 25000 | F9: =SUMIF(BILL!C:C,A9,BILL!F:F) -> 5600
A10: 10009 | B10: BOOMIKA | C10: WEB DESIGN | D10: =IFERROR(VLOOKUP(C10,COURSEFEES!A:B,2,FALSE),"NOT FOUND") -> 8600 | E10: =IFERROR(D10,"NOT FOUND") -> 8600 | F10: =SUMIF(BILL!C:C,A10,BILL!F:F) -> 6000
A11: 10010 | B11: SUHAINA | C11: ADVANCE EXCEL | D11: =IFERROR(VLOOKUP(C11,COURSEFEES!A:B,2,FALSE),"NOT FOUND") -> 13500 | E11: =IFERROR(D11,"NOT FOUND") -> 13500 | F11: =SUMIF(BILL!C:C,A11,BILL!F:F) -> 0
A12: 10011 | B12: KOWSI | C12: DEVELOPER | D12: =IFERROR(VLOOKUP(C12,COURSEFEES!A:B,2,FALSE),"NOT FOUND") -> 35000 | E12: =IFERROR(D12,"NOT FOUND") -> 35000 | F12: =SUMIF(BILL!C:C,A12,BILL!F:F) -> 6100
A13: 10012 | B13: HARINI | C13: DIGITAL MARKETING | D13: =IFERROR(VLOOKUP(C13,COURSEFEES!A:B,2,FALSE),"NOT FOUND") -> 40000 | E13: =IFERROR(D13,"NOT FOUND") -> 40000 | F13: =SUMIF(BILL!C:C,A13,BILL!F:F) -> 2900

Sheet COURSEFEES
A1: COURSE | B1: FEES | C1: ERROR/CORRECT | D1: NOT FOUND
A2: C++ | B2: 15000
A3: JAVA | B3: 10000
A4: PYTHON | B4: 25000
A5: TALLY | B5: 30000
A6: MS OFFICE | B6: 9000
A7: ADVANCE EXCEL | B7: 13500
A8: WEB DESIGN | B8: 8600
A9: DATA ANALYST | B9: 12000
A10: POWERBI | B10: 17000
A11: PHP | B11: 11500
A12: MYSQL | B12: 18000
A13: DEVELOPER | B13: 35000
A14: DIGITAL MARKETING | B14: 40000

Sheet BILL
A1: BILL NO | B1: BILL DATE | C1: ROLL NO | D1: STUDENT NAME | E1: COURSE | F1: PAID FESS
A2: B1001 | B2: 45669 | C2: 10001 | D2: =VLOOKUP(C2,STUDENTDETAILS!A:B,2,FALSE) -> SANJAI | E2: =VLOOKUP(C2,STUDENTDETAILS!A:C,3,FALSE) -> TALLY | F2: 1000
A3: B1002 | B3: 45700 | C3: 10002 | D3: =VLOOKUP(C3,STUDENTDETAILS!A:B,2,FALSE) -> RAMYA | E3: =VLOOKUP(C3,STUDENTDETAILS!A:C,3,FALSE) -> JAVA | F3: 5000
A4: B1003 | B4: 45728 | C4: 10003 | D4: =VLOOKUP(C4,STUDENTDETAILS!A:B,2,FALSE) -> SANGAVI | E4: =VLOOKUP(C4,STUDENTDETAILS!A:C,3,FALSE) -> C++ | F4: 3000
A5: B1004 | B5: 45759 | C5: 10004 | D5: =VLOOKUP(C5,STUDENTDETAILS!A:B,2,FALSE) -> BHUVI | E5: =VLOOKUP(C5,STUDENTDETAILS!A:C,3,FALSE) -> DATA ANALYST | F5: 6500
A6: B1005 | B6: 45789 | C6: 10005 | D6: =VLOOKUP(C6,STUDENTDETAILS!A:B,2,FALSE) -> DHARANI | E6: =VLOOKUP(C6,STUDENTDETAILS!A:C,3,FALSE) -> POWERBI | F6: 7000
A7: B1006 | B7: 45820 | C7: 10006 | D7: =VLOOKUP(C7,STUDENTDETAILS!A:B,2,FALSE) -> JEGATHISH | E7: =VLOOKUP(C7,STUDENTDETAILS!A:C,3,FALSE) -> PHP | F7: 1500
A8: B1007 | B8: 45850 | C8: 10007 | D8: =VLOOKUP(C8,STUDENTDETAILS!A:B,2,FALSE) -> RAHUL | E8: =VLOOKUP(C8,STUDENTDETAILS!A:C,3,FALSE) -> MYSQL | F8: 3500
A9: B1008 | B9: 45881 | C9: 10008 | D9: =VLOOKUP(C9,STUDENTDETAILS!A:B,2,FALSE) -> GAYATHRI | E9: =VLOOKUP(C9,STUDENTDETAILS!A:C,3,FALSE) -> PYTHON | F9: 5600
A10: B1009 | B10: 45912 | C10: 10009 | D10: =VLOOKUP(C10,STUDENTDETAILS!A:B,2,FALSE) -> BOOMIKA | E10: =VLOOKUP(C10,STUDENTDETAILS!A:C,3,FALSE) -> WEB DESIGN | F10: 4000
A11: B1010 | B11: 45912 | C11: 10009 | D11: =VLOOKUP(C11,STUDENTDETAILS!A:B,2,FALSE) -> BOOMIKA | E11: =VLOOKUP(C11,STUDENTDETAILS!A:C,3,FALSE) -> WEB DESIGN | F11: 2000
A12: B1011 | B12: 45973 | C12: 10011 | D12: =VLOOKUP(C12,STUDENTDETAILS!A:B,2,FALSE) -> KOWSI | E12: =VLOOKUP(C12,STUDENTDETAILS!A:C,3,FALSE) -> DEVELOPER | F12: 1500
A13: B1012 | B13: 46003 | C13: 10012 | D13: =VLOOKUP(C13,STUDENTDETAILS!A:B,2,FALSE) -> HARINI | E13: =VLOOKUP(C13,STUDENTDETAILS!A:C,3,FALSE) -> DIGITAL MARKETING | F13: 2900
A14: B1013 | B14: 46003 | C14: 10011 | D14: =VLOOKUP(C14,STUDENTDETAILS!A:B,2,FALSE) -> KOWSI | E14: =VLOOKUP(C14,STUDENTDETAILS!A:C,3,FALSE) -> DEVELOPER | F14: 4600

Sheet JUICE
E2: JUICE NAME: | F2: APPLE | G2: POMEGRANATE | H2: ORANGE | I2: SUGAR CANE | J2: GRAPS | K2: LEMON | L2: WATERMELON
E3: PRICE: | F3: 75 | G3: 60 | H3: 50 | I3: 15 | J3: 40 | K3: 10 | L3: 30
E4: BENEFITS: | F4: NO DOCTOR | G4: HP LEVEL INCREASE | H4: VITAMIN C | I4: COOLING BODY | J4: BLOOD INCREASE | K4: HEAT REDUCE | L4: MORE ENERGY
A8: ENTER JUICE NAME: | B8: ORANGE
A10: PRICE: | B10: =HLOOKUP(B8,E2:L3,2,FALSE) -> 50
A12: BENEFITS | B12: =HLOOKUP(B8,F2:L4,3,FALSE) -> VITAMIN C

Sheet SALARYBILL 
A1: ENO | B1: ENAME | C1: BASIC SALARY | D1: ma 5% | E1: ta 6% | F1: hra 10% | G1: LOP | H1: OT | I1: PF 12% | J1: LONE | K1: esi 1% | L1: GROSS | M1: NET SALARY
A2: E1001 | B2: ABI | C2: 20000 | D2: =C2*5/100 -> 1000 | E2: =C2*6/100 -> 1200 | F2: =C2*10/100 -> 2000 | G2: 1000 | H2: 1500 | I2: =C2*12/100 -> 2400 | J2: 3000 | K2: =C2*1/100 -> 200 | L2: =SUM(C2+D2+E2+F2+H2-G2-J2-K2) -> 21500 | M2: =SUM(L2-I2) -> 19100
A3: E1002 | B3: SARAN | C3: 30000 | D3: =C3*5/100 -> 1500 | E3: =C3*6/100 -> 1800 | F3: =C3*10/100 -> 3000 | G3: 1000 | H3: 1500 | I3: =C3*12/100 -> 3600 | J3: 3000 | K3: =C3*1/100 -> 300 | L3: =SUM(C3+D3+E3+F3+H3-G3-J3-K3) -> 33500 | M3: =SUM(L3-I3) -> 29900
A4: E1003 | B4: KAVIYA | C4: 50000 | D4: =C4*5/100 -> 2500 | E4: =C4*6/100 -> 3000 | F4: =C4*10/100 -> 5000 | G4: 1000 | H4: 1500 | I4: =C4*12/100 -> 6000 | J4: 3000 | K4: =C4*1/100 -> 500 | L4: =SUM(C4+D4+E4+F4+H4-G4-J4-K4) -> 57500 | M4: =SUM(L4-I4) -> 51500
A5: E1004 | B5: KUMAR | C5: 65000 | D5: =C5*5/100 -> 3250 | E5: =C5*6/100 -> 3900 | F5: =C5*10/100 -> 6500 | G5: 1000 | H5: 1500 | I5: =C5*12/100 -> 7800 | J5: 3000 | K5: =C5*1/100 -> 650 | L5: =SUM(C5+D5+E5+F5+H5-G5-J5-K5) -> 75500 | M5: =SUM(L5-I5) -> 67700
A6: E1005 | B6: PRIYA | C6: 100000 | D6: =C6*5/100 -> 5000 | E6: =C6*6/100 -> 6000 | F6: =C6*10/100 -> 10000 | G6: 2500 | H6: 1500 | I6: =C6*12/100 -> 12000 | J6: 3000 | K6: =C6*1/100 -> 1000 | L6: =SUM(C6+D6+E6+F6+H6-G6-J6-K6) -> 116000 | M6: =SUM(L6-I6) -> 104000
A7: E1006 | B7: KAVIN | C7: 35000 | D7: =C7*5/100 -> 1750 | E7: =C7*6/100 -> 2100 | F7: =C7*10/100 -> 3500 | G7: 3500 | H7: 1500 | I7: =C7*12/100 -> 4200 | J7: 3000 | K7: =C7*1/100 -> 350 | L7: =SUM(C7+D7+E7+F7+H7-G7-J7-K7) -> 37000 | M7: =SUM(L7-I7) -> 32800
A8: E1007 | B8: RAHUL | C8: 55000 | D8: =C8*5/100 -> 2750 | E8: =C8*6/100 -> 3300 | F8: =C8*10/100 -> 5500 | G8: 1500 | H8: 1500 | I8: =C8*12/100 -> 6600 | J8: 3000 | K8: =C8*1/100 -> 550 | L8: =SUM(C8+D8+E8+F8+H8-G8-J8-K8) -> 63000 | M8: =SUM(L8-I8) -> 56400
A9: E1008 | B9: GAYATHRI | C9: 10000 | D9: =C9*5/100 -> 500 | E9: =C9*6/100 -> 600 | F9: =C9*10/100 -> 1000 | G9: 1000 | H9: 1000 | I9: =C9*12/100 -> 1200 | J9: 500 | K9: =C9*1/100 -> 100 | L9: =SUM(C9+D9+E9+F9+H9-G9-J9-K9) -> 11500 | M9: =SUM(L9-I9) -> 10300
A10: E1009 | B10: BOOMIKA | C10: 18000 | D10: =C10*5/100 -> 900 | E10: =C10*6/100 -> 1080 | F10: =C10*10/100 -> 1800 | G10: 900 | H10: 1500 | I10: =C10*12/100 -> 2160 | J10: 3000 | K10: =C10*1/100 -> 180 | L10: =SUM(C10+D10+E10+F10+H10-G10-J10-K10) -> 19200 | M10: =SUM(L10-I10) -> 17040
A11: E1010 | B11: SUHAINA | C11: 40000 | D11: =C11*5/100 -> 2000 | E11: =C11*6/100 -> 2400 | F11: =C11*10/100 -> 4000 | G11: 1250 | H11: 1500 | I11: =C11*12/100 -> 4800 | J11: 3000 | K11: =C11*1/100 -> 400 | L11: =SUM(C11+D11+E11+F11+H11-G11-J11-K11) -> 45250 | M11: =SUM(L11-I11) -> 40450
A12: E1011 | B12: KOWSI | C12: 38000 | D12: =C12*5/100 -> 1900 | E12: =C12*6/100 -> 2280 | F12: =C12*10/100 -> 3800 | G12: 2500 | H12: 1500 | I12: =C12*12/100 -> 4560 | J12: 3000 | K12: =C12*1/100 -> 380 | L12: =SUM(C12+D12+E12+F12+H12-G12-J12-K12) -> 41600 | M12: =SUM(L12-I12) -> 37040
A13: E1012 | B13: HARINI | C13: 15000 | D13: =C13*5/100 -> 750 | E13: =C13*6/100 -> 900 | F13: =C13*10/100 -> 1500 | G13: 1000 | H13: 1500 | I13: =C13*12/100 -> 1800 | J13: 3000 | K13: =C13*1/100 -> 150 | L13: =SUM(C13+D13+E13+F13+H13-G13-J13-K13) -> 15500 | M13: =SUM(L13-I13) -> 13700
B16: GROSS SALARY: | C16: BS+MA+TA+HRA+OT-LOP-LOAN-ESI
B18: NET SALARY: | C18: GROSS-PF
